Self-Performance,Goals Achieved,Personal Challenges,Stress or Anxiety,Improvement in Personal Performance,Relationship with Colleagues,Communication Issues,Team Conflicts,Team Collaboration,Interpersonal Issues,Support from Colleagues or Supervisors,Steps for Improvement,Areas for Improvement,Plans for Next Month,Other Comments,Employee Name,Employee ID
Good,Some goals achieved,Significant challenges,Occasionally,Focus on self-development,Good,Minor issues,Moderately,Bad,Minor issues,Often,Focus on self-awareness,Improve communication skills,Increase work efficiency,Need more feedback,Employee_1,EMP0001
Fair,All goals achieved,Significant challenges,Almost always,Enhance communication skills,Very Bad,Minor issues,Not at all,Very Bad,Major issues,Not at all,Collaborative approach,Improve communication skills,Increase work efficiency,Improving steadily,Employee_2,EMP0002
Very Good,All goals achieved,No challenges,Occasionally,Improve time management,Very Bad,No issues,Not at all,Bad,No issues,Often,Improve stress management,Improve communication skills,Focus on personal growth,No comments,Employee_3,EMP0003
Bad,No goals achieved,Minor challenges,Almost always,Focus on self-development,Fair,Major issues,Moderately,Good,Minor issues,Not at all,Collaborative approach,Increase productivity,Improve team collaboration,Improving steadily,Employee_4,EMP0004
Very Bad,No goals achieved,Significant challenges,Occasionally,Focus on self-development,Very Good,Major issues,Moderately,Good,Major issues,Often,Collaborative approach,Better stress management,Improve team collaboration,No comments,Employee_5,EMP0005
Bad,All goals achieved,Minor challenges,Almost always,Focus on self-development,Very Good,No issues,Significantly,Bad,No issues,Always,Improve stress management,Increase productivity,Improve team collaboration,No comments,Employee_6,EMP0006
Very Good,Some goals achieved,No challenges,Not at all,Improve time management,Bad,Minor issues,Slightly,Good,No issues,Sometimes,Focus on self-awareness,Increase productivity,Focus on personal growth,Improving steadily,Employee_7,EMP0007
Very Bad,All goals achieved,Minor challenges,Occasionally,Enhance communication skills,Very Bad,Major issues,Significantly,Very Bad,No issues,Often,Improve stress management,Increase productivity,Increase work efficiency,Improving steadily,Employee_8,EMP0008
Good,Some goals achieved,Significant challenges,Not at all,Improve time management,Good,No issues,Moderately,Very Bad,Minor issues,Sometimes,Improve stress management,Better stress management,Increase work efficiency,No comments,Employee_9,EMP0009
Bad,All goals achieved,Significant challenges,Not at all,Enhance communication skills,Very Good,No issues,Significantly,Very Bad,Minor issues,Not at all,Focus on self-awareness,Better stress management,Increase work efficiency,No comments,Employee_10,EMP0010
